ID,Name,Department,Salary,Years_of_Experience
1,Aaron Whitaker,HR,89172,26
2,Nathaniel Hampton,Engineering,60566,20
3,Sean Rowe,Finance,58425,6
4,Brenda Warren,Finance,67149,19
5,Holly Donovan PhD,Finance,73447,29
6,Linda Cochran,IT,107801,19
7,Kimberly Little,Engineering,99850,8
8,Christopher Peterson,IT,104601,5
9,Megan Alvarez,Sales,66895,12
10,Joyce Copeland,Sales,75116,20
11,Christopher Anderson,Engineering,102075,1
12,William Anderson,Finance,105098,22
13,Annette Mcdonald,Sales,59373,10
14,Brendan Jones,HR,99315,5
15,Lawrence Gordon,Sales,69794,7
16,Martin Reynolds,Marketing,85128,3
17,Melissa Harris,Engineering,54219,17
18,Jeffrey Hawkins,Engineering,96620,10
19,Spencer Cunningham,Finance,117554,2
20,Jamie Mcgee,HR,68939,26
21,Peter Wolf,HR,115391,3
22,Mark Dominguez,Finance,84075,30
23,Shannon Hernandez,IT,52418,23
24,Lauren Taylor,HR,52631,29
25,Rebecca Ball,HR,85561,22
26,Nancy Beltran,Engineering,53701,10
27,Karen Thompson,Finance,95645,8
28,Vickie Navarro,Finance,104959,26
29,Julie May,Sales,66177,16
30,Sean Taylor,Marketing,92891,16
31,Mrs. Morgan Gibson,Engineering,66262,28
32,John Nelson,Sales,58823,29
33,Matthew Riddle,Finance,57208,24
34,John Duffy,HR,88655,18
35,Holly Figueroa,Engineering,63783,26
36,Holly Prince,IT,94374,22
37,Michael Martin,Sales,84413,20
38,Leslie Hall,IT,63855,8
39,Jared Buchanan,Engineering,67223,4
40,Warren Taylor,Sales,74075,16
41,Jessica Evans,Finance,70573,30
42,Jason Zuniga,IT,104881,30
43,Malik Macias,Marketing,55550,11
44,Ross Harrison,HR,65164,6
45,Charles Brown,Sales,53513,3
46,Karen Harper,Sales,60830,13
47,Karen Tyler,Finance,110238,7
48,William Doyle,Finance,104566,26
49,Jenny Ruiz,HR,61466,24
50,Denise Arnold,HR,71454,18
51,Thomas Valencia,Marketing,61022,10
52,Lori Flowers,HR,95424,18
53,Francis Rivera,Sales,80230,6
54,Jessica Jones,IT,53857,21
55,Stephen Hill,Finance,54930,3
56,Shane Richmond,Engineering,64675,15
57,Katrina Rogers,Marketing,100830,29
58,Thomas Walker,Sales,98803,18
59,Matthew Ayala,HR,87633,15
60,Tricia Morales,IT,77831,17
61,Anna Ochoa,IT,70600,1
62,Dana Hernandez,Marketing,56980,5
63,Mrs. Ashley Gonzalez DDS,Engineering,81091,4
64,Karen Miller DVM,Sales,81093,25
65,Caroline Eaton,Engineering,108037,14
66,Jason Burns,IT,98523,2
67,Aaron Ryan,Sales,75018,27
68,Joseph Simmons,Finance,97046,7
69,James Buck,Sales,115265,20
70,Deborah Moore,IT,85685,29
71,Barbara Riddle,Sales,110723,20
72,Dominic Page,Finance,65970,19
73,Lisa Nielsen,HR,98157,16
74,Tiffany Nicholson,Marketing,66091,29
75,Robert Briggs,Sales,113383,22
76,Shawn Roberts,IT,89278,24
77,Thomas Henry,Engineering,62638,11
78,Katherine Robinson,Sales,93160,4
79,Fernando Burke,Engineering,89986,23
80,Richard Case,Finance,109882,15
81,Tammy Escobar,HR,79912,25
82,Jeffrey Odom MD,HR,58268,17
83,Nicole Moreno,IT,74028,2
84,Adam Evans,Marketing,71214,17
85,Justin Perry,HR,95169,21
86,Donald Jones,Sales,99470,21
87,Randall Wagner,Engineering,76704,13
88,Lauren Burgess,HR,91344,28
89,Tom Morris,HR,92844,8
90,Steven Hill,Finance,111977,20
91,Brent Nelson,Marketing,99871,25
92,Calvin Riggs,Engineering,84041,2
93,Jessica Short,IT,78902,30
94,William Gould,Finance,94072,23
95,Randall Lopez,HR,90162,15
96,William Brock,Finance,119808,3
97,Adam Rice,Sales,113837,27
98,Andrew Obrien,HR,113086,15
99,Alicia Wilkinson,Sales,60642,17
100,Jasmine Jennings,Finance,102026,18
